<?xml version="1.0" encoding="utf-8"?>
<!--Created using XmlSitemapGenerator.org - Free HTML, RSS and XML sitemap generator-->
<rss version="2.0">
  <channel>
    <title>Have an idea &amp; want an technical partner?  we are here for you</title>
    <link>http://adkatech.com/index.html</link>
    <description />
    <item>
      <guid>http://adkatech.com/index.html</guid>
      <title>Have an idea &amp; want an technical partner?  we are here for you</title>
      <link>http://adkatech.com/index.html</link>
      <description>Build Your DIGITAL PLATFORMS with ADKA NOW</description>
      <pubDate>Fri, 01 Mar 2019 01:21:00 Z</pubDate>
    </item>
  </channel>
</rss>
<!--<guid value="e840ab50-eede-4da8-b345-cd39dee73348" />-->
<!--Created using XmlSitemapGenerator.org - Free HTML, RSS and XML sitemap generator-->